[
  {
    "id": 1,
    "type": "Cavendish",
    "price": 0.58
  },
  {
    "id": 2,
    "type": "Apple Banana",
    "price": 1.2
  },
  {
    "id": 3,
    "type": "Red Banana",
    "price": 1.1
  },
  {
    "id": 4,
    "type": "Burro Banana",
    "price": 0.85
  },
  {
    "id": 5,
    "type": "Plantain",
    "price": 0.65
  },
  {
    "id": 6,
    "type": "Blue Java",
    "price": 1.5
  },
  {
    "id": 7,
    "type": "Lady Finger",
    "price": 1.3
  },
  {
    "id": 8,
    "type": "Manzano",
    "price": 0.95
  },
  {
    "id": 9,
    "type": "Pisang Raja",
    "price": 1.4
  },
  {
    "id": 10,
    "type": "Goldfinger",
    "price": 1.45
  },
  {
    "id": 11,
    "type": "Ice Cream Banana",
    "price": 1.7
  },
  {
    "id": 12,
    "type": "Mysore",
    "price": 1.25
  },
  {
    "id": 13,
    "type": "Praying Hands",
    "price": 1.55
  },
  {
    "id": 14,
    "type": "Nanjangud",
    "price": 1.6
  },
  {
    "id": 15,
    "type": "Gros Michel",
    "price": 1.8
  },
  {
    "id": 16,
    "type": "Pisang Awak",
    "price": 1.35
  },
  {
    "id": 17,
    "type": "Fehi",
    "price": 1.75
  },
  {
    "id": 18,
    "type": "Kluai Khai",
    "price": 1
  },
  {
    "id": 19,
    "type": "Chini Champa",
    "price": 1.05
  },
  {
    "id": 20,
    "type": "Rhino Horn",
    "price": 1.65
  },
  {
    "id": 21,
    "type": "Pink",
    "price": 23
  }
]